"Query","Match","HMDB","PubChem","KEGG","SMILES","Comment"
"HMDB0031532","1-Methyl-1,3-cyclohexadiene","HMDB0031532","121731",NA,"CC1=CC=CCC1","1"
"HMDB0032395","2-Methyl-1,3-cyclohexadiene","HMDB0032395","73885",NA,"CC1=CCCC=C1","1"
"HMDB0061889","NA","NA","NA","NA","NA","0"
"C00183","NA","NA","NA","NA","NA","0"
"C00431","NA","NA","NA","NA","NA","0"
"C00719","NA","NA","NA","NA","NA","0"
"C01799","NA","NA","NA","NA","NA","0"
"C01826","NA","NA","NA","NA","NA","0"
"C03571","NA","NA","NA","NA","NA","0"
"C06417","NA","NA","NA","NA","NA","0"
"C07457","NA","NA","NA","NA","NA","0"
"C15987","NA","NA","NA","NA","NA","0"
"C16436","NA","NA","NA","NA","NA","0"
"HMDB0000043","Betaine","HMDB0000043","247","C00719","C[N+](C)(C)CC(O)=O","1"
"HMDB0000883","L-Valine","HMDB0000883","6287","C00183","CC(C)[C@H](N)C(O)=O","1"
"HMDB0001382","Vaporole","HMDB0001382","8053","C07457","CC(C)CCON=O","1"
"HMDB0002141","N-Methyl-a-aminoisobutyric acid","HMDB0002141","6951124",NA,"CNC(C)(C)C(O)=O","1"
"HMDB0003355","5-Aminopentanoic acid","HMDB0003355","138","C00431","NCCCCC(O)=O","1"
"HMDB0013716","Norvaline","HMDB0013716","439575","C01799","CCC[C@@H](N)C(O)=O","1"
"HMDB0015550","Amyl Nitrite","HMDB0015550","10026","C07457","CCCCCON=O","1"
"HMDB0034366","NA","NA","NA","NA","NA","0"
"CHEBI:15887","NA","NA","NA","NA","NA","0"
"CHEBI:16414","NA","NA","NA","NA","NA","0"
"CHEBI:17750","NA","NA","NA","NA","NA","0"
"CHEBI:18314","NA","NA","NA","NA","NA","0"
"CHEBI:19475","NA","NA","NA","NA","NA","0"
"CHEBI:2691","NA","NA","NA","NA","NA","0"
"CHEBI:27266","NA","NA","NA","NA","NA","0"
"CHEBI:27477","NA","NA","NA","NA","NA","0"
"CHEBI:28804","NA","NA","NA","NA","NA","0"
"CHEBI:356010","NA","NA","NA","NA","NA","0"
"CHEBI:37755","NA","NA","NA","NA","NA","0"
"CHEBI:42955","NA","NA","NA","NA","NA","0"
"CHEBI:52093","NA","NA","NA","NA","NA","0"
"CHEBI:55344","NA","NA","NA","NA","NA","0"
"CHEBI:57762","NA","NA","NA","NA","NA","0"
"CHEBI:58441","NA","NA","NA","NA","NA","0"
"CHEBI:66882","NA","NA","NA","NA","NA","0"
"CHEBI:74338","NA","NA","NA","NA","NA","0"
"CHEBI:77042","NA","NA","NA","NA","NA","0"
"CHEBI:87977","NA","NA","NA","NA","NA","0"
"C00503","NA","NA","NA","NA","NA","0"
"C16884","NA","NA","NA","NA","NA","0"
"HMDB0002994","Erythritol","HMDB0002994","222285","C00503","OC[C@H](O)[C@H](O)CO","1"
"HMDB0004136","D-Threitol","HMDB0004136","169019","C16884","OC[C@@H](O)[C@H](O)CO","1"
"HMDB0094689","NA","NA","NA","NA","NA","0"
"CHEBI:17113","NA","NA","NA","NA","NA","0"
"CHEBI:42090","NA","NA","NA","NA","NA","0"
"CHEBI:48299","NA","NA","NA","NA","NA","0"
"CHEBI:48300","NA","NA","NA","NA","NA","0"
"C00850","NA","NA","NA","NA","NA","0"
"C02180","NA","NA","NA","NA","NA","0"
"C12849","NA","NA","NA","NA","NA","0"
"HMDB0060015","Phenol sulphate","HMDB0060015","74426","C02180","OS(=O)(=O)OC1=CC=CC=C1","1"
"CHEBI:27905","NA","NA","NA","NA","NA","0"
"CHEBI:32354","NA","NA","NA","NA","NA","0"
"CHEBI:71047","NA","NA","NA","NA","NA","0"
"CHEBI:71049","NA","NA","NA","NA","NA","0"
"C00493","NA","NA","NA","NA","NA","0"
"C04236","NA","NA","NA","NA","NA","0"
"C16588","NA","NA","NA","NA","NA","0"
"C18307","NA","NA","NA","NA","NA","0"
"C18312","NA","NA","NA","NA","NA","0"
"HMDB0003070","Shikimic acid","HMDB0003070","8742","C00493","O[C@@H]1CC(=C[C@@H](O)[C@H]1O)C(O)=O","1"
"HMDB0012149","2-Isopropyl-3-oxosuccinate","HMDB0012149","5462259","C04236","CC(C)[C@H](C(O)=O)C(=O)C(O)=O","1"
"HMDB0061388","NA","NA","NA","NA","NA","0"
"HMDB0062194","NA","NA","NA","NA","NA","0"
"HMDB0062377","NA","NA","NA","NA","NA","0"
"HMDB0130150","NA","NA","NA","NA","NA","0"
"CHEBI:1178","NA","NA","NA","NA","NA","0"
"CHEBI:1467","NA","NA","NA","NA","NA","0"
"CHEBI:15592","NA","NA","NA","NA","NA","0"
"CHEBI:15594","NA","NA","NA","NA","NA","0"
"CHEBI:16119","NA","NA","NA","NA","NA","0"
"CHEBI:28107","NA","NA","NA","NA","NA","0"
"CHEBI:35121","NA","NA","NA","NA","NA","0"
"CHEBI:37259","NA","NA","NA","NA","NA","0"
"CHEBI:72700","NA","NA","NA","NA","NA","0"
"C08278","NA","NA","NA","NA","NA","0"
"C14570","NA","NA","NA","NA","NA","0"
"C16658","NA","NA","NA","NA","NA","0"
"C19402","NA","NA","NA","NA","NA","0"
"HMDB0000837","NA","NA","NA","NA","NA","0"
"HMDB0000893","Suberic acid","HMDB0000893","10457","C08278","OC(=O)CCCCCCC(O)=O","1"
"HMDB0002023","Ethyladipic acid","HMDB0002023","152459",NA,"CCC(CCCC(O)=O)C(O)=O","1"
"HMDB0033838","Diethyl succinate","HMDB0033838","31249",NA,"CCOC(=O)CCC(=O)OCC","1"
"HMDB0041606","Dimethyl adipate","HMDB0041606","12329","C14570","COC(=O)CCCCC(=O)OC","1"
"HMDB0059727","2,4-Dimethyladipic acid","HMDB0059727","549851",NA,"CC(CC(C)C(O)=O)CC(O)=O","1"
"HMDB0059757","3-Methylpimelic acid","HMDB0059757","21510350",NA,"CC(CCCC(O)=O)CC(O)=O","1"
"HMDB0060684","2-Propylglutaric acid","HMDB0060684","134970","C16658","CCCC(CCC(O)=O)C(O)=O","1"
"CHEBI:80644","NA","NA","NA","NA","NA","0"
"CHEBI:87267","NA","NA","NA","NA","NA","0"
"CHEBI:87345","NA","NA","NA","NA","NA","0"
"CHEBI:89933","NA","NA","NA","NA","NA","0"
"CHEBI:9300","NA","NA","NA","NA","NA","0"
"C07473","NA","NA","NA","NA","NA","0"
"HMDB0013223","Butyrylcholine","HMDB0013223","17233",NA,"CCCC(=O)OCC[N+](C)(C)C","1"
"HMDB0029936","(2S,4R,5S)-Muscarine","HMDB0029936","5079496","C07473","CC1OC(C[N+](C)(C)C)CC1O","1"
"CHEBI:327449","NA","NA","NA","NA","NA","0"
"CHEBI:522933","NA","NA","NA","NA","NA","0"
"HMDB0030083","(±)-Hydroxycitronellol","HMDB0030083","249494",NA,"CC(CCO)CCCC(C)(C)O","1"
"HMDB0037639","xi-1-Ethoxy-1-hexyloxyethane","HMDB0037639","108244",NA,"CCCCCCOC(C)OCC","1"
"HMDB0040267","1,1-Dimethoxyoctane","HMDB0040267","61431",NA,"CCCCCCCC(OC)OC","1"
"HMDB0061936","Isooctanedioldibutyrate","HMDB0061936","95379",NA,"CCCC(=O)OC[C@H](C)CC(C)(C)COC(=O)CCC","1"
"CHEBI:88828","NA","NA","NA","NA","NA","0"
"C02123","NA","NA","NA","NA","NA","0"
"C02504","NA","NA","NA","NA","NA","0"
"C03328","NA","NA","NA","NA","NA","0"
"C04411","NA","NA","NA","NA","NA","0"
"HMDB0000402","2-Isopropylmalic acid","HMDB0000402","5280523","C02504","CC(C)[C@@](O)(CC(O)=O)C(O)=O","1"
"HMDB0002025","2,3-Dimethyl-3-hydroxyglutaric acid","HMDB0002025","21252268",NA,"CC(C(O)=O)C(C)(O)CC(O)=O","1"
"HMDB0012156","3-Isopropylmalic acid","HMDB0012156","5462261","C04411","CC(C)[C@@H]([C@@H](O)C(O)=O)C(O)=O","1"
"HMDB0029169","3-Hydroxy-2-methylglutaric acid","HMDB0029169","20070700",NA,"C[C@@H]([C@H](O)CC(O)=O)C(O)=O","1"
"HMDB0031712","(±)-Glycerol 1,2-diacetate","HMDB0031712","66021",NA,"CC(=O)OCC(CO)OC(C)=O","1"
"CHEBI:27567","NA","NA","NA","NA","NA","0"
"CHEBI:28635","NA","NA","NA","NA","NA","0"
"CHEBI:28652","NA","NA","NA","NA","NA","0"
"CHEBI:30850","NA","NA","NA","NA","NA","0"
"CHEBI:35114","NA","NA","NA","NA","NA","0"
"CHEBI:35128","NA","NA","NA","NA","NA","0"
"CHEBI:43468","NA","NA","NA","NA","NA","0"
"CHEBI:88156","NA","NA","NA","NA","NA","0"
"C03672","NA","NA","NA","NA","NA","0"
"C03964","NA","NA","NA","NA","NA","0"
"C04044","NA","NA","NA","NA","NA","0"
"C05582","NA","NA","NA","NA","NA","0"
"C05583","NA","NA","NA","NA","NA","0"
"C10447","NA","NA","NA","NA","NA","0"
"C10680","NA","NA","NA","NA","NA","0"
"C12622","NA","NA","NA","NA","NA","0"
"HMDB0000118","Homovanillic acid","HMDB0000118","1738","C05582","COC1=C(O)C=CC(CC(O)=O)=C1","1"
"HMDB0000333","Isohomovanillic acid","HMDB0000333","160562",NA,"COC1=CC=C(CC(O)=O)C=C1O","1"
"HMDB0000423","3,4-Dihydroxyhydrocinnamic acid","HMDB0000423","348154","C10447","OC(=O)CCC1=CC(O)=C(O)C=C1","1"
"HMDB0000755","Hydroxyphenyllactic acid","HMDB0000755","9378","C03672","OC(CC1=CC=C(O)C=C1)C(O)=O","1"
"HMDB0002643","HPHPA","HMDB0002643","102959",NA,"OC(CC(O)=O)C1=CC(O)=CC=C1","1"
"HMDB0004061","3-Methoxy-4-hydroxyphenylglycolaldehyde","HMDB0004061","440729","C05583","COC1=C(O)C=CC(=C1)C(O)C=O","1"
"HMDB0004285","NA","NA","NA","NA","NA","0"
"HMDB0006776","NA","NA","NA","NA","NA","0"
"HMDB0029232","3-Hydroxyphenyllactate","HMDB0029232","265740",NA,"OC(C(O)C1=CC=CC=C1)C(O)=O","1"
"HMDB0029273","2,6-Dimethoxybenzoic acid","HMDB0029273","15109",NA,"COC1=CC=CC(OC)=C1C(O)=O","1"
"HMDB0029646","2',6'-Dihydroxy-4'-methoxyacetophenone","HMDB0029646","24135","C10680","COC1=CC(O)=C(C(C)=O)C(O)=C1","1"
"HMDB0033624","(±)-2-Hydroxy-3-(2-hydroxyphenyl)propanoic acid","HMDB0033624","3083977",NA,"OC(CC1=C(O)C=CC=C1)C(O)=O","1"
"HMDB0037274","Maltol propionate","HMDB0037274","110543",NA,"CCC(=O)OC1=C(C)OC=CC1=O","1"
"HMDB0041270","2',4'-Dihydroxy-6'-methoxyacetophenone","HMDB0041270","10965145",NA,"COC1=CC(O)=CC(O)=C1C(C)=O","1"
"HMDB0059763","NA","NA","NA","NA","NA","0"
"HMDB0062595","Meta-hydroxyphenylhydracrylic Acid","HMDB0062595","22600106",NA,"OCC(C(O)=O)C1=CC(O)=CC=C1","1"
"HMDB0124923","NA","NA","NA","NA","NA","0"
"HMDB0125533","NA","NA","NA","NA","NA","0"
"HMDB0125591","NA","NA","NA","NA","NA","0"
"HMDB0125595","NA","NA","NA","NA","NA","0"
"HMDB0126386","NA","NA","NA","NA","NA","0"
"HMDB0127495","NA","NA","NA","NA","NA","0"
"HMDB0129348","NA","NA","NA","NA","NA","0"
"HMDB0131428","NA","NA","NA","NA","NA","0"
"HMDB0133494","NA","NA","NA","NA","NA","0"
"HMDB0133788","NA","NA","NA","NA","NA","0"
"HMDB0134042","NA","NA","NA","NA","NA","0"
"HMDB0134043","NA","NA","NA","NA","NA","0"
"HMDB0140294","NA","NA","NA","NA","NA","0"
"HMDB0140892","NA","NA","NA","NA","NA","0"
"HMDB0240266","NA","NA","NA","NA","NA","0"
"CHEBI:16003","NA","NA","NA","NA","NA","0"
"CHEBI:17385","NA","NA","NA","NA","NA","0"
"CHEBI:18136","NA","NA","NA","NA","NA","0"
"CHEBI:27906","NA","NA","NA","NA","NA","0"
"CHEBI:296881","NA","NA","NA","NA","NA","0"
"CHEBI:46477","NA","NA","NA","NA","NA","0"
"CHEBI:48400","NA","NA","NA","NA","NA","0"
"CHEBI:49070","NA","NA","NA","NA","NA","0"
"CHEBI:49071","NA","NA","NA","NA","NA","0"
"CHEBI:545935","NA","NA","NA","NA","NA","0"
"CHEBI:545959","NA","NA","NA","NA","NA","0"
"CHEBI:562351","NA","NA","NA","NA","NA","0"
"CHEBI:61462","NA","NA","NA","NA","NA","0"
"CHEBI:62195","NA","NA","NA","NA","NA","0"
"CHEBI:64939","NA","NA","NA","NA","NA","0"
"CHEBI:64942","NA","NA","NA","NA","NA","0"
"CHEBI:67380","NA","NA","NA","NA","NA","0"
"CHEBI:70818","NA","NA","NA","NA","NA","0"
"CHEBI:78336","NA","NA","NA","NA","NA","0"
"CHEBI:85344","NA","NA","NA","NA","NA","0"
"CHEBI:85357","NA","NA","NA","NA","NA","0"
"CHEBI:86369","NA","NA","NA","NA","NA","0"
"CHEBI:86541","NA","NA","NA","NA","NA","0"
"C03843","NA","NA","NA","NA","NA","0"
"C04718","NA","NA","NA","NA","NA","0"
"C06066","NA","NA","NA","NA","NA","0"
"C11405","NA","NA","NA","NA","NA","0"
"C11419","NA","NA","NA","NA","NA","0"
"C19079","NA","NA","NA","NA","NA","0"
"C19084","NA","NA","NA","NA","NA","0"
"C20324","NA","NA","NA","NA","NA","0"
"HMDB0036117","(1'R)-Nepetalic acid","HMDB0036117","12313272",NA,"CC(C=O)C1CCC(C)C1C(O)=O","1"
"HMDB0036998","(S)-Oleuropeic acid","HMDB0036998","12313716",NA,"CC(C)(O)C1CCC(=CC1)C(O)=O","1"
"HMDB0039052","(4S,8R)-8,9-Dihydroxy-p-menth-1(6)-en-2-one","HMDB0039052","73120805",NA,"CC1=CCC(CC1=O)C(C)(O)CO","1"
"HMDB0039710","1-Acetylcyclohexyl acetate","HMDB0039710","62017",NA,"CC(=O)OC1(CCCCC1)C(C)=O","1"
"HMDB0040883","(E)-10-Oxo-8-decenoic acid","HMDB0040883","12431569",NA,"OC(=O)CCCCCC\C=C\C=O","1"
"CHEBI:29064","NA","NA","NA","NA","NA","0"
"CHEBI:37287","NA","NA","NA","NA","NA","0"
"CHEBI:37291","NA","NA","NA","NA","NA","0"
"CHEBI:37379","NA","NA","NA","NA","NA","0"
"CHEBI:64264","NA","NA","NA","NA","NA","0"
"CHEBI:64274","NA","NA","NA","NA","NA","0"
"CHEBI:64899","NA","NA","NA","NA","NA","0"
"CHEBI:70741","NA","NA","NA","NA","NA","0"
"CHEBI:87777","NA","NA","NA","NA","NA","0"
"HMDB0036451","(S)-gamma-Calacorene","HMDB0036451","5315609",NA,"CC(C)C1=CCC(C)C2=C1C=C(C)C=C2","1"
"HMDB0036453","3,4-Dihydrocadalene","HMDB0036453","528708",NA,"CC(C)C1CC=C(C)C2=C1C=C(C)C=C2","1"
"HMDB0038204","alpha-Corocalene","HMDB0038204","5316074",NA,"CC(C)C1=C2C=C(C)CCC2=C(C)C=C1","1"
"HMDB0059829","Isolongifolene, 4,5,9,10-dehydro-","HMDB0059829","588771",NA,"CC1(C)C2CC3(C=C2)C1=CC=CC3(C)C","1"
"HMDB0059858","beta-Calacorene","HMDB0059858","529621",NA,"CC(C)C1CCC(=C)C2=C1C=C(C)C=C2","1"
"CHEBI:89675","NA","NA","NA","NA","NA","0"
"HMDB0029835","Tetrahydroharmol","HMDB0029835","368982",NA,"CC1NCCC2=C1NC1=C2C=CC(O)=C1","1"
"HMDB0032756","N-Methyl-1H-indole-3-propanamide","HMDB0032756","7661699",NA,"CNC(=O)CCC1=CNC2=C1C=CC=C2","1"
"CHEBI:114202","NA","NA","NA","NA","NA","0"
"CHEBI:55515","NA","NA","NA","NA","NA","0"
"C08277","NA","NA","NA","NA","NA","0"
"C14566","NA","NA","NA","NA","NA","0"
"C17803","NA","NA","NA","NA","NA","0"
"HMDB0000792","Sebacic acid","HMDB0000792","5192","C08277","OC(=O)CCCCCCCCC(O)=O","1"
"HMDB0031510","R-2-Hydroxy-3-methylbutanoic acid 3-Methylbutanoyl","HMDB0031510","22922043",NA,"CC(C)CC(=O)OC(C(C)C)C(O)=O","1"
"HMDB0040196","Oxalic acid dibutyl ester","HMDB0040196","16306",NA,"CCCCOC(=O)C(=O)OCCCC","1"
"HMDB0059708","2-Ethylsuberic acid","HMDB0059708","19872",NA,"CCC(CCCCCC(O)=O)C(O)=O","1"
"HMDB0059719","Heptylmalonic acid","HMDB0059719","136574",NA,"CCCCCCCC(C(O)=O)C(O)=O","1"
"HMDB0059754","3-Methylazelaic acid","HMDB0059754","22450170",NA,"CC(CCCCCC(O)=O)CC(O)=O","1"
"HMDB0062180","NA","NA","NA","NA","NA","0"
"CHEBI:41865","NA","NA","NA","NA","NA","0"
"CHEBI:68453","NA","NA","NA","NA","NA","0"
"CHEBI:70747","NA","NA","NA","NA","NA","0"
"CHEBI:89889","NA","NA","NA","NA","NA","0"
"HMDB0028690","Alanylisoleucine","HMDB0028690","7408078",NA,"CC[C@H](C)[C@H](NC(=O)[C@H](C)N)C(O)=O","1"
"HMDB0028691","Alanylleucine","HMDB0028691","96801",NA,"CC(C)C[C@H](NC(=O)[C@H](C)N)C(O)=O","1"
"HMDB0028900","Isoleucyl-Alanine","HMDB0028900","5246009",NA,"CCC(C)C(N)C(=O)NC(C)C(O)=O","1"
"HMDB0028922","Leucylalanine","HMDB0028922","81721",NA,"CC(C)C[C@H](N)C(=O)N[C@@H](C)C(O)=O","1"
"HMDB0094713","NA","NA","NA","NA","NA","0"
"CHEBI:61061","NA","NA","NA","NA","NA","0"
"CHEBI:64859","NA","NA","NA","NA","NA","0"
"CHEBI:73527","NA","NA","NA","NA","NA","0"
"CHEBI:73770","NA","NA","NA","NA","NA","0"
"CHEBI:73805","NA","NA","NA","NA","NA","0"
"CHEBI:73838","NA","NA","NA","NA","NA","0"
"CHEBI:74062","NA","NA","NA","NA","NA","0"
"CHEBI:74389","NA","NA","NA","NA","NA","0"
"CHEBI:74527","NA","NA","NA","NA","NA","0"
"HMDB0032443","3-Hydroxynonyl acetate","HMDB0032443","234237",NA,"CCCCCCC(O)CCOC(C)=O","1"
"HMDB0059736","2-Hydroxyundecanoate","HMDB0059736","5282899",NA,"CCCCCCCCCC(O)C(O)=O","1"
"HMDB0061654","NA","NA","NA","NA","NA","0"
"CHEBI:71005","NA","NA","NA","NA","NA","0"
"CHEBI:77419","NA","NA","NA","NA","NA","0"
"CHEBI:78956","NA","NA","NA","NA","NA","0"
"CHEBI:79126","NA","NA","NA","NA","NA","0"
"C09649","NA","NA","NA","NA","NA","0"
"HMDB0035707","(6alpha,7alpha,10alpha)-1(5),3-Aromadendradiene","HMDB0035707","13892028",NA,"CC1CCC2C(C3=C1CC=C3C)C2(C)C","1"
"HMDB0036416","beta-Spathulene","HMDB0036416","15923778",NA,"CC1=CCC2C1C1C(CCC2=C)C1(C)C","1"
"HMDB0036796","(1alpha,6alpha,7alphaH)-2,4(15)-Copadiene","HMDB0036796","5316058",NA,"CC(C)C1CCC2(C)C3C=CC(=C)C2C13","1"
"HMDB0038125","1,4,9-Cadinatriene","HMDB0038125","14083575",NA,"CC(C)C1CC=C(C)C2=CCC(C)=CC12","1"
"HMDB0059676","beta-Vatirenene","HMDB0059676","608753",NA,"CC1CC=CC2=CCC(CC12C)=C(C)C","1"
"HMDB0059857","beta-Vetivenene","HMDB0059857","14475467",NA,"[H][C@@]1(C)CC=CC2=CCC(C[C@@]12C)=C(C)C","1"
"HMDB0059878","alpha-Curcumene","HMDB0059878","92139",NA,"CC(CCC=C(C)C)C1=CC=C(C)C=C1","1"
"HMDB0059910","(E)-Calamene","HMDB0059910","10224",NA,"CC(C)C1CCC(C)C2=CC=C(C)C=C12","1"
"HMDB0061837","Calamenene","HMDB0061837","11298625",NA,"[H][C@@]1(C)CC[C@]([H])(C(C)C)C2=C1C=CC(C)=C2","1"
"HMDB0061838","(-)-alpha-Curcumene","HMDB0061838","442360","C09649","[H][C@@](C)(CCC=C(C)C)C1=CC=C(C)C=C1","1"
"CHEBI:10225","NA","NA","NA","NA","NA","0"
"CHEBI:62757","NA","NA","NA","NA","NA","0"
"CHEBI:88614","NA","NA","NA","NA","NA","0"
"CHEBI:89456","NA","NA","NA","NA","NA","0"
"HMDB0038256","Geranyl acetoacetate","HMDB0038256","54611954",NA,"CC(=O)CC(=O)OC\C=C(\C)CCC=C(C)C","1"
"HMDB0112083","3,4-Dimethyl-5-pentyl-2-furanpropanoic acid","HMDB0112083","23425504",NA,"CCCCCC1=C(C)C(C)=C(CCC(O)=O)O1","1"
"CHEBI:85255","NA","NA","NA","NA","NA","0"
"HMDB0031772","1-Methoxy-1-(2,4,5-trimethoxyphenyl)-2-propanol","HMDB0031772","131751190",NA,"COC(C(C)O)C1=CC(OC)=C(OC)C=C1OC","1"
"HMDB0040352","2-[4-(3-Hydroxypropyl)-2-methoxyphenoxy]-1,3-propanediol","HMDB0040352","10264377",NA,"COC1=CC(CCCO)=CC=C1OC(CO)CO","1"
"HMDB0011170","gamma-Glutamylisoleucine","HMDB0011170","22885096",NA,"CC[C@H](C)[C@H](NC(=O)CC[C@H](N)C(O)=O)C(O)=O","1"
"HMDB0011171","gamma-Glutamylleucine","HMDB0011171","151023",NA,"CC(C)C[C@H](NC(=O)CC[C@H](N)C(O)=O)C(O)=O","1"
"HMDB0028822","Glutamylisoleucine","HMDB0028822","9813855",NA,"CC[C@H](C)[C@H](NC(=O)[C@@H](N)CCC(O)=O)C(O)=O","1"
"HMDB0028823","Glutamylleucine","HMDB0028823","9856500",NA,"CC(C)C[C@H](NC(=O)[C@@H](N)CCC(O)=O)C(O)=O","1"
"HMDB0028906","Isoleucyl-Glutamate","HMDB0028906","18218218",NA,"CCC(C)C(N)C(=O)NC(CCC(O)=O)C(O)=O","1"
"HMDB0028928","Leucyl-Glutamate","HMDB0028928","5259589",NA,"CC(C)CC(N)C(=O)NC(CCC(O)=O)C(O)=O","1"
"HMDB0029152","NA","NA","NA","NA","NA","0"
"HMDB0029153","NA","NA","NA","NA","NA","0"
"CHEBI:68433","NA","NA","NA","NA","NA","0"
"CHEBI:68434","NA","NA","NA","NA","NA","0"
"CHEBI:73506","NA","NA","NA","NA","NA","0"
"CHEBI:74531","NA","NA","NA","NA","NA","0"
"C10029","NA","NA","NA","NA","NA","0"
"C10244","NA","NA","NA","NA","NA","0"
"C15052","NA","NA","NA","NA","NA","0"
"HMDB0030698","5,7-Dimethoxyisoflavone","HMDB0030698","6710704",NA,"COC1=CC(OC)=C2C(=O)C(=COC2=C1)C1=CC=CC=C1","1"
"HMDB0030719","5,6-Dimethoxyflavone","HMDB0030719","14349486",NA,"COC1=C(OC)C2=C(OC(=CC2=O)C2=CC=CC=C2)C=C1","1"
"HMDB0036620","5,7-Dimethoxyflavone","HMDB0036620","88881","C10029","COC1=CC(OC)=C2C(=O)C=C(OC2=C1)C1=CC=CC=C1","1"
"HMDB0037255","5-Hydroxy-7-methoxy-6-methylflavone","HMDB0037255","369599",NA,"COC1=CC2=C(C(=O)C=C(O2)C2=CC=CC=C2)C(O)=C1C","1"
"HMDB0130371","NA","NA","NA","NA","NA","0"
"HMDB0140467","NA","NA","NA","NA","NA","0"
"CHEBI:205093","NA","NA","NA","NA","NA","0"
"CHEBI:3684","NA","NA","NA","NA","NA","0"
"CHEBI:70164","NA","NA","NA","NA","NA","0"
"CHEBI:75934","NA","NA","NA","NA","NA","0"
"CHEBI:79572","NA","NA","NA","NA","NA","0"
"C05174","NA","NA","NA","NA","NA","0"
"C09333","NA","NA","NA","NA","NA","0"
"C09334","NA","NA","NA","NA","NA","0"
"C09367","NA","NA","NA","NA","NA","0"
"C09389","NA","NA","NA","NA","NA","0"
"C19980","NA","NA","NA","NA","NA","0"
"HMDB0030245","Nornantenine","HMDB0030245","3084228",NA,"COC1=C(OC)C2=C3C(CC4=CC5=C(OCO5)C=C24)NCCC3=C1","1"
"HMDB0032143","Palaudine","HMDB0032143","167736",NA,"COC1=C(O)C=C(CC2=NC=CC3=CC(OC)=C(OC)C=C23)C=C1","1"
"HMDB0033354","Cassythicine","HMDB0033354","4440434","C09389","COC1=C(O)C=C2CC3N(C)CCC4=CC5=C(OCO5)C(C2=C1)=C34","1"
"HMDB0033360","Isodomesticine","HMDB0033360","69523059",NA,"COC1=C2C3=CC4=C(OCO4)C=C3CC3N(C)CCC(C=C1O)=C23","1"
"HMDB0036987","Romucosine A","HMDB0036987","131752126",NA,"COC(=O)N1CCC2=CC(O)=C(OC)C3=C2C1CC1=C3C=CC=C1","1"
"HMDB0038145","Junosine","HMDB0038145","15286413",NA,"CN1C2=CC(O)=C(CC=C(C)C)C(O)=C2C(=O)C2=C1C(O)=CC=C2","1"
"CHEBI:16233","NA","NA","NA","NA","NA","0"
"CHEBI:3211","NA","NA","NA","NA","NA","0"
"CHEBI:804420","NA","NA","NA","NA","NA","0"
"HMDB0032383","N1-(2-Methoxy-4-methylbenzyl)-n2-(2-(pyridin-2-yl) ethyl)oxalamide","HMDB0032383","11221120",NA,"COC1=C(CNC(=O)C(=O)NCCC2=CC=CC=N2)C=CC(C)=C1","1"
"HMDB0035218","Cinereain","HMDB0035218","51340308",NA,"CC(C)\C=C1\NC(=O)C(C(C)C)N2C(=O)C3=C(OC=CC=C3)N=C12","1"
"C08687","NA","NA","NA","NA","NA","0"
"C12580","NA","NA","NA","NA","NA","0"
"C18769","NA","NA","NA","NA","NA","0"
"HMDB0015240","Trilostane","HMDB0015240","656583","C12580","[H][C@]12O[C@]11CC[C@@]3([H])[C@]4([H])CC[C@H](O)[C@@]4(C)CC[C@]3([H])[C@@]1(C)CC(C#N)=C2O","1"
"HMDB0033448","Retrofractamide C","HMDB0033448","25255091",NA,"CC(C)CNC(=O)\C=C\CCCC\C=C\C1=CC2=C(OCO2)C=C1","1"
"HMDB0038646","(8E)-Piperamide-C9:1","HMDB0038646","131752412",NA,"O=C(CCCCCC\C=C/C1=CC2=C(OCO2)C=C1)N1CCCC1","1"
"HMDB0039808","Pipertipine","HMDB0039808","11110295",NA,"O=C(CCCCC\C=C\C1=CC2=C(OCO2)C=C1)N1CCCCC1","1"
"HMDB0061042","N-desethyloxybutynin","HMDB0061042","133577",NA,"CCNCC#CCOC(=O)C(O)(C1CCCCC1)C1=CC=CC=C1","1"
"CHEBI:32260","NA","NA","NA","NA","NA","0"
"CHEBI:64080","NA","NA","NA","NA","NA","0"
"CHEBI:69685","NA","NA","NA","NA","NA","0"
"HMDB0002277","2,3-Dinor-6-keto-prostaglandin F1 a","HMDB0002277","53477747",NA,"CCCCC[C@H](O)\C=C\[C@H]1[C@@H](O)C[C@H](O)[C@@H]1CC(=O)CCC(O)=O","1"
"HMDB0002904","2,3-Dinor-TXB2","HMDB0002904","5283138",NA,"CCCCC[C@H](O)\C=C\[C@H]1OC(O)C[C@H](O)[C@@H]1C\C=C/CC(O)=O","1"
"HMDB0038940","(-)-11-Hydroxy-9,15,16-trioxooctadecanoic acid","HMDB0038940","131752496",NA,"CCC(=O)C(=O)CCCC(O)CC(=O)CCCCCCCC(O)=O","1"
"HMDB0061154","Monic acid","HMDB0061154","131770055",NA,"[H][C@]1(O[C@H]1CC1CC[C@@H](C\C(C)=C\C(O)=O)[C@H](O)[C@@H]1O)[C@@H](C)C(C)O","1"
"HMDB0062618","2,3-dinor-6-oxoprostaglandin F1alpha","HMDB0062618","5283084",NA,"[H]\C(=C(\[H])[C@@]1([H])[C@]([H])(O)C[C@]([H])(O)[C@]1([H])CC(=O)CCC(O)=O)[C@@]([H])(O)CCCCC","1"
"CHEBI:73944","NA","NA","NA","NA","NA","0"
"CHEBI:89991","NA","NA","NA","NA","NA","0"
"HMDB0033222","(1R,3S,4S,6R)-6,9-Dihydroxyfenchone 6-O-b-D-glucoside","HMDB0033222","85160606",NA,"CC1(CO)C2CC(OC3OC(CO)C(O)C(O)C3O)C(C)(C2)C1=O","1"
"HMDB0033223","(1S,3R,4R)-8,10-Dihydroxyfenchone 10-O-b-D-glucoside","HMDB0033223","85241696",NA,"CC1(CO)C2CCC(COC3OC(CO)C(O)C(O)C3O)(C2)C1=O","1"
"HMDB0035822","Glucosyl 6-hydroxy-2,6-dimethyl-2E,7-octadienoate","HMDB0035822","131751869",NA,"C\C(=C\CCC(C)(O)C=C)C(=O)OC1OC(CO)C(O)C(O)C1O","1"
"HMDB0038149","Nepetaside","HMDB0038149","14020067",NA,"CC1C(CC2C1C(=O)OCC2C)OC1OC(CO)C(O)C(O)C1O","1"
"C00639","NA","NA","NA","NA","NA","0"
"C02314","NA","NA","NA","NA","NA","0"
"C04741","NA","NA","NA","NA","NA","0"
"C04843","NA","NA","NA","NA","NA","0"
"C05959","NA","NA","NA","NA","NA","0"
"C06438","NA","NA","NA","NA","NA","0"
"C12786","NA","NA","NA","NA","NA","0"
"C13809","NA","NA","NA","NA","NA","0"
"C14782","NA","NA","NA","NA","NA","0"
"C14809","NA","NA","NA","NA","NA","0"
"C14811","NA","NA","NA","NA","NA","0"
"C14814","NA","NA","NA","NA","NA","0"
"HMDB0001139","Prostaglandin F2a","HMDB0001139","5283078","C00639","CCCCC[C@H](O)\C=C\[C@H]1[C@H](O)C[C@H](O)[C@@H]1C\C=C\CCCC(O)=O","1"
"HMDB0001442","Prostaglandin E1","HMDB0001442","5280723","C04741","CCCCC[C@H](O)\C=C\[C@H]1[C@H](O)CC(=O)[C@@H]1CCCCCCC(O)=O","1"
"HMDB0001483","Prostaglandin F2b","HMDB0001483","5280506","C02314","CCCCC[C@H](O)\C=C\[C@H]1[C@H](O)C[C@@H](O)[C@@H]1C\C=C/CCCC(O)=O","1"
"HMDB0001965","Troxilin B3","HMDB0001965","5283210","C14811","CCCCC\C=C/C[C@@H](O)[C@H](O)C(O)\C=C/C\C=C/CCCC(O)=O","1"
"HMDB0001977","Trioxilin A3","HMDB0001977","5283208","C14809","CCCCC\C=C/C[C@H](O)[C@H](O)\C=C\C(O)C\C=C/CCCC(O)=O","1"
"HMDB0002115","8-isoprostaglandin PGF2b","HMDB0002115","5283216",NA,"CCCCC[C@H](O)\C=C\[C@H]1[C@H](O)C[C@@H](O)[C@H]1C\C=C/CCCC(O)=O","1"
"HMDB0004684","11,12,15-THETA","HMDB0004684","11954043","C14782","CCCCC[C@H](O)\C=C\C(O)C(O)C\C=C/C\C=C/CCCC(O)=O","1"
"HMDB0004685","13,14-Dihydro-15-keto PGF2a","HMDB0004685","5283039",NA,"CCCCCC(=O)CC[C@H]1[C@H](O)C[C@H](O)[C@@H]1C\C=C/CCCC(O)=O","1"
"HMDB0004686","8-Isoprostaglandin E1","HMDB0004686","5283212",NA,"CCCCC[C@H](O)\C=C\[C@H]1[C@H](O)CC(=O)[C@H]1CCCCCCC(O)=O","1"
"HMDB0004694","11,14,15-THETA","HMDB0004694","11954059","C14814","CCCCCC(O)C(O)\C=C\C(O)C\C=C/C\C=C/CCCC(O)=O","1"
"HMDB0005083","8-Isoprostaglandin F2a","HMDB0005083","5282263","C13809","CCCCC[C@H](O)\C=C\[C@H]1[C@H](O)C[C@H](O)[C@H]1C\C=C/CCCC(O)=O","1"
"HMDB0005102","Prostaglandin D1","HMDB0005102","5280936","C06438","CCCCC[C@H](O)\C=C\[C@@H]1[C@@H](CCCCCCC(O)=O)[C@@H](O)CC1=O","1"
"HMDB0006562","8-iso-13,14-dihydro-15-keto-PGF2a","HMDB0006562","5283214",NA,"CCCCCC(=O)CC[C@H]1[C@H](O)C[C@H](O)[C@H]1C\C=C/CCCC(O)=O","1"
"HMDB0010170","11,12,15-TriHETRE","HMDB0010170","53480356",NA,"CCCCCC(O)\C=C\C(\O)=C(\O)C\C=C\CCCCCCC(O)=O","1"
"HMDB0010199","11b-PGF2a","HMDB0010199","5280886","C05959","CCCCC[C@H](O)\C=C\[C@H]1[C@@H](O)C[C@H](O)[C@@H]1C\C=C/CCCC(O)=O","1"
"HMDB0011137","11-Epi-PGF2a","HMDB0011137","53480669","C05959","CCCCC[C@H](O)\C=C\[C@H]1[C@@H](O)CC(O)C1C\C=C/CCCC(O)=O","1"
"HMDB0012563","13,14-Dihydro- lipoxin A4","HMDB0012563","53481469",NA,"CCCCC[C@@H](O)CC\C=C/C=C/C=C/[C@@H](O)[C@H](O)CCCC(O)=O","1"
"HMDB0013041","Prostaglandin H1","HMDB0013041","50921242",NA,"CCCCC[C@H](O)\C=C\[C@@H]1[C@@H]2C[C@@H](OO2)[C@H]1CCCCCCC(O)=O","1"
"HMDB0035380","Sterebin G","HMDB0035380","13996077",NA,"CC1(C)CCCC2(C)C(\C=C\C(=C)C(O)CO)C(C)(O)C(O)C(O)C12","1"
"HMDB0060045","15-keto-PGF1alpha","HMDB0060045","5283118",NA,"CCCCCC(=O)\C=C\[C@H]1[C@H](O)C[C@H](O)[C@@H]1CCCCCCC(O)=O","1"
"HMDB0060107","(5Z,9E,12S,14Z)-8,11,12-Trihydroxyicosa-5,9,14-trienoate","HMDB0060107","131769825",NA,"CCCCC\C=C/C[C@@H](O)[C@H](O)\C=C\[C@H](O)C\C=C/CCCC(O)=O","1"
"HMDB0062278","11,12,15-trihydroxyeicosatrienoic acid","HMDB0062278","6439610",NA,"[H]\C(CCCC(O)=O)=C(\[H])CC([H])=C([H])CC(O)C(O)C(\[H])=C(/[H])C(O)CCCCC","1"
"CHEBI:15544","NA","NA","NA","NA","NA","0"
"CHEBI:15553","NA","NA","NA","NA","NA","0"
"CHEBI:15630","NA","NA","NA","NA","NA","0"
"CHEBI:27595","NA","NA","NA","NA","NA","0"
"CHEBI:27696","NA","NA","NA","NA","NA","0"
"CHEBI:28922","NA","NA","NA","NA","NA","0"
"CHEBI:34128","NA","NA","NA","NA","NA","0"
"CHEBI:34131","NA","NA","NA","NA","NA","0"
"CHEBI:34505","NA","NA","NA","NA","NA","0"
"CHEBI:35032","NA","NA","NA","NA","NA","0"
"CHEBI:36203","NA","NA","NA","NA","NA","0"
"CHEBI:63976","NA","NA","NA","NA","NA","0"
"CHEBI:72593","NA","NA","NA","NA","NA","0"
"CHEBI:79199","NA","NA","NA","NA","NA","0"
"CHEBI:91133","NA","NA","NA","NA","NA","0"
"C09266","NA","NA","NA","NA","NA","0"
"HMDB0039774","5-Hydroxy-6-methoxycoumarin 7-glucoside","HMDB0039774","131752724",NA,"COC1=C(OC2OC(CO)C(O)C(O)C2O)C=C2OC(=O)C=CC2=C1O","1"
"HMDB0041733","Ferulic acid 4-O-glucuronide","HMDB0041733","6443140",NA,"COC1=C(O[C@@H]2O[C@@H]([C@@H](O)[C@H](O)[C@H]2O)C(O)=O)C=CC(\C=C\C(O)=O)=C1","1"
"HMDB0041734","Feruloyl C1-glucuronide","HMDB0041734","102331585",NA,"COC1=CC(\C=C\C(=O)O[C@@H]2O[C@@H]([C@@H](O)[C@H](O)[C@H]2O)C(O)=O)=CC=C1O","1"
"HMDB0041747","Isoferulic acid 3-O-glucuronide","HMDB0041747","49844484",NA,"COC1=C(O[C@@H]2O[C@@H]([C@@H](O)[C@H](O)[C@H]2O)C(O)=O)C=C(\C=C\C(O)=O)C=C1","1"
"HMDB0041749","Isoferuloyl C1-glucuronide","HMDB0041749","131753197",NA,"COC1=CC=C(\C=C\C(=O)O[C@@H]2O[C@@H]([C@@H](O)[C@H](O)[C@H]2O)C(O)=O)C=C1O","1"
"HMDB0127515","NA","NA","NA","NA","NA","0"
"HMDB0127953","NA","NA","NA","NA","NA","0"
"HMDB0127954","NA","NA","NA","NA","NA","0"
"HMDB0127997","NA","NA","NA","NA","NA","0"
"HMDB0127998","NA","NA","NA","NA","NA","0"
"HMDB0133307","NA","NA","NA","NA","NA","0"
"HMDB0133308","NA","NA","NA","NA","NA","0"
"HMDB0135747","NA","NA","NA","NA","NA","0"
"HMDB0135748","NA","NA","NA","NA","NA","0"
"CHEBI:133508","NA","NA","NA","NA","NA","0"
"HMDB0029782","6-Epi-7-isocucurbic acid glucoside","HMDB0029782","131750903",NA,"CC\C=C\CC1C(CC(O)=O)CCC1OC1OC(CO)C(O)C(O)C1O","1"
"HMDB0036893","Gibberellin A75","HMDB0036893","14583169",NA,"[H][C@@]12CC[C@]3(O)C[C@]1([C@H](O)C3=C)[C@@H](C(O)=O)[C@]1([H])[C@@]3(C)[C@@H](O)[C@@H](O)C[C@@]21OC3=O","1"
"HMDB0037056","8-Oxodiacetoxyscirpenol","HMDB0037056","131752136",NA,"[H][C@@]12O[C@]3([H])C=C(C)C(=O)C[C@]3(COC(C)=O)C(C)([C@H](OC(C)=O)[C@H]1O)C21CO1","1"
"HMDB0038328","(S)-Bitalin A 12-glucoside","HMDB0038328","85391088",NA,"CC(=O)C1=CC2=C(OC(C2)C(=C)COC2OC(CO)C(O)C(O)C2O)C=C1","1"
"HMDB0038450","Gibberellin A86","HMDB0038450","101663489",NA,"[H][C@@]12C[C@H](O)[C@]3(O)C[C@]1([C@H](O)C3=C)[C@@H](C(O)=O)[C@]1([H])[C@@]3(C)[C@@H](O)CC[C@@]21OC3=O","1"
"HMDB0040899","Methyl helianthenoate A glucoside","HMDB0040899","131752980",NA,"COC(=O)C\C=C/CC#CC#CC(OC1OC(CO)C(O)C(O)C1O)C=C","1"
"C06475","NA","NA","NA","NA","NA","0"
"HMDB0012109","5,6-Dihydroxyprostaglandin F1a","HMDB0012109","6439819"," C06475","CCCCC[C@H](O)\C=C\[C@H]1[C@H](O)C[C@H](O)[C@@H]1CC(O)C(O)CCCC(O)=O","1"
"C18044","NA","NA","NA","NA","NA","0"
"HMDB0000774","Pregnenolone sulfate","HMDB0000774","20845972",NA,"[H][C@@]12CC[C@H](C(C)=O)[C@@]1(C)CC[C@@]1([H])[C@@]2([H])CC=C2CC(CC[C@]12C)OS(O)(=O)=O","1"
"HMDB0060382","3beta-Hydroxypregn-5-en-20-one sulfate","HMDB0060382","105074","C18044","CC(=O)[C@H]1CC[C@H]2[C@@H]3CC=C4C[C@H](CC[C@]4(C)[C@H]3CC[C@]12C)OS(O)(=O)=O","1"
"CHEBI:35420","NA","NA","NA","NA","NA","0"
"HMDB0015686","Pipazethate","HMDB0015686","22425",NA,"O=C(OCCOCCN1CCCCC1)N1C2=CC=CC=C2SC2=C1N=CC=C2","1"
"HMDB0032156","alpha-Acetolactate decarboxylase (enzyme preparation from bacillus subtilis recombinant)","HMDB0032156","1151802",NA,"C\C(O)=N\C1=CC=C(C=C1)S(=O)(=O)N1CCN(CC1)C1CC2=CC=CC=C2C1","1"
"HMDB0000416","17-Hydroxypregnenolone sulfate","HMDB0000416","152971",NA,"[H][C@@]12CC[C@](O)(C(C)=O)[C@@]1(C)CC[C@@]1([H])[C@@]2([H])CC=C2CC(CC[C@]12C)OS(O)(=O)=O","1"
"C14924","NA","NA","NA","NA","NA","0"
"HMDB0030157","Austalide K","HMDB0030157","13942822",NA,"COC1=C2C(=O)OCC2=C(C)C2=C1CC1C(C)(CCC3C(C)(C)C(=O)CCC13C)O2","1"
"HMDB0036340","Ethyl 7-epi-12-hydroxyjasmonate glucoside","HMDB0036340","131751966",NA,"CCOC(=O)CC1CCC(=O)C1C\C=C\CCOC1OC(CO)C(O)C(O)C1O","1"
"HMDB0007005","NA","NA","NA","NA","NA","0"
"HMDB0007006","NA","NA","NA","NA","NA","0"
"CHEBI:1293375","NA","NA","NA","NA","NA","0"
"CHEBI:62838","NA","NA","NA","NA","NA","0"
"CHEBI:77465","NA","NA","NA","NA","NA","0"
"CHEBI:78164","NA","NA","NA","NA","NA","0"
"C03033","NA","NA","NA","NA","NA","0"
"HMDB0002430","(3a,5b,7a)-23-Carboxy-7-hydroxy-24-norcholan-3-yl-b-D-Glucopyranosiduronic acid","HMDB0002430","21252299",NA,"[H][C@@]1(CC[C@@]2([H])[C@]3([H])[C@H](O)C[C@]4([H])C[C@@H](CC[C@]4(C)[C@@]3([H])CC[C@]12C)OC1O[C@@H]([C@@H](O)[C@H](O)[C@H]1O)C(O)=O)[C@H](C)CCC(O)=O","1"
"HMDB0002596","Deoxycholic acid 3-glucuronide","HMDB0002596","53477755","C03033","[H][C@@]12CCC([C@H](C)CCC(O)=O)[C@@]1(C)[C@@H](O)C[C@@]1([H])[C@@]2([H])CC[C@]2([H])C[C@@H](CC[C@]12C)OC1O[C@@H]([C@@H](O)[C@H](O)[C@H]1O)C(O)=O","1"
